"time_id","the_date","the_day","the_month","the_year","day_of_month","week_of_year","month_of_year","quarter","fiscal_period"
367,1997/1/1 00:00:00,"Wednesday","January",1997,1,2.00,1,"Q1",
368,1997/1/2 00:00:00,"Thursday","January",1997,2,2.00,1,"Q1",
369,1997/1/3 00:00:00,"Friday","January",1997,3,2.00,1,"Q1",
370,1997/1/4 00:00:00,"Saturday","January",1997,4,2.00,1,"Q1",
371,1997/1/5 00:00:00,"Sunday","January",1997,5,3.00,1,"Q1",
372,1997/1/6 00:00:00,"Monday","January",1997,6,3.00,1,"Q1",
373,1997/1/7 00:00:00,"Tuesday","January",1997,7,3.00,1,"Q1",
374,1997/1/8 00:00:00,"Wednesday","January",1997,8,3.00,1,"Q1",
375,1997/1/9 00:00:00,"Thursday","January",1997,9,3.00,1,"Q1",
376,1997/1/10 00:00:00,"Friday","January",1997,10,3.00,1,"Q1",
377,1997/1/11 00:00:00,"Saturday","January",1997,11,3.00,1,"Q1",
378,1997/1/12 00:00:00,"Sunday","January",1997,12,4.00,1,"Q1",
379,1997/1/13 00:00:00,"Monday","January",1997,13,4.00,1,"Q1",
380,1997/1/14 00:00:00,"Tuesday","January",1997,14,4.00,1,"Q1",
381,1997/1/15 00:00:00,"Wednesday","January",1997,15,4.00,1,"Q1",
382,1997/1/16 00:00:00,"Thursday","January",1997,16,4.00,1,"Q1",
383,1997/1/17 00:00:00,"Friday","January",1997,17,4.00,1,"Q1",
384,1997/1/18 00:00:00,"Saturday","January",1997,18,4.00,1,"Q1",
385,1997/1/19 00:00:00,"Sunday","January",1997,19,5.00,1,"Q1",
386,1997/1/20 00:00:00,"Monday","January",1997,20,5.00,1,"Q1",
387,1997/1/21 00:00:00,"Tuesday","January",1997,21,5.00,1,"Q1",
388,1997/1/22 00:00:00,"Wednesday","January",1997,22,5.00,1,"Q1",
389,1997/1/23 00:00:00,"Thursday","January",1997,23,5.00,1,"Q1",
390,1997/1/24 00:00:00,"Friday","January",1997,24,5.00,1,"Q1",
391,1997/1/25 00:00:00,"Saturday","January",1997,25,5.00,1,"Q1",
392,1997/1/26 00:00:00,"Sunday","January",1997,26,6.00,1,"Q1",
393,1997/1/27 00:00:00,"Monday","January",1997,27,6.00,1,"Q1",
394,1997/1/28 00:00:00,"Tuesday","January",1997,28,6.00,1,"Q1",
395,1997/1/29 00:00:00,"Wednesday","January",1997,29,6.00,1,"Q1",
396,1997/1/30 00:00:00,"Thursday","January",1997,30,6.00,1,"Q1",
397,1997/1/31 00:00:00,"Friday","January",1997,31,6.00,1,"Q1",
398,1997/2/1 00:00:00,"Saturday","February",1997,1,6.00,2,"Q1",
399,1997/2/2 00:00:00,"Sunday","February",1997,2,7.00,2,"Q1",
400,1997/2/3 00:00:00,"Monday","February",1997,3,7.00,2,"Q1",
401,1997/2/4 00:00:00,"Tuesday","February",1997,4,7.00,2,"Q1",
402,1997/2/5 00:00:00,"Wednesday","February",1997,5,7.00,2,"Q1",
403,1997/2/6 00:00:00,"Thursday","February",1997,6,7.00,2,"Q1",
404,1997/2/7 00:00:00,"Friday","February",1997,7,7.00,2,"Q1",
405,1997/2/8 00:00:00,"Saturday","February",1997,8,7.00,2,"Q1",
406,1997/2/9 00:00:00,"Sunday","February",1997,9,8.00,2,"Q1",
407,1997/2/10 00:00:00,"Monday","February",1997,10,8.00,2,"Q1",
408,1997/2/11 00:00:00,"Tuesday","February",1997,11,8.00,2,"Q1",
409,1997/2/12 00:00:00,"Wednesday","February",1997,12,8.00,2,"Q1",
410,1997/2/13 00:00:00,"Thursday","February",1997,13,8.00,2,"Q1",
411,1997/2/14 00:00:00,"Friday","February",1997,14,8.00,2,"Q1",
412,1997/2/15 00:00:00,"Saturday","February",1997,15,8.00,2,"Q1",
413,1997/2/16 00:00:00,"Sunday","February",1997,16,9.00,2,"Q1",
414,1997/2/17 00:00:00,"Monday","February",1997,17,9.00,2,"Q1",
415,1997/2/18 00:00:00,"Tuesday","February",1997,18,9.00,2,"Q1",
416,1997/2/19 00:00:00,"Wednesday","February",1997,19,9.00,2,"Q1",
417,1997/2/20 00:00:00,"Thursday","February",1997,20,9.00,2,"Q1",
418,1997/2/21 00:00:00,"Friday","February",1997,21,9.00,2,"Q1",
419,1997/2/22 00:00:00,"Saturday","February",1997,22,9.00,2,"Q1",
420,1997/2/23 00:00:00,"Sunday","February",1997,23,10.00,2,"Q1",
421,1997/2/24 00:00:00,"Monday","February",1997,24,10.00,2,"Q1",
422,1997/2/25 00:00:00,"Tuesday","February",1997,25,10.00,2,"Q1",
423,1997/2/26 00:00:00,"Wednesday","February",1997,26,10.00,2,"Q1",
424,1997/2/27 00:00:00,"Thursday","February",1997,27,10.00,2,"Q1",
425,1997/2/28 00:00:00,"Friday","February",1997,28,10.00,2,"Q1",
426,1997/3/1 00:00:00,"Saturday","March",1997,1,10.00,3,"Q1",
427,1997/3/2 00:00:00,"Sunday","March",1997,2,11.00,3,"Q1",
428,1997/3/3 00:00:00,"Monday","March",1997,3,11.00,3,"Q1",
429,1997/3/4 00:00:00,"Tuesday","March",1997,4,11.00,3,"Q1",
430,1997/3/5 00:00:00,"Wednesday","March",1997,5,11.00,3,"Q1",
431,1997/3/6 00:00:00,"Thursday","March",1997,6,11.00,3,"Q1",
432,1997/3/7 00:00:00,"Friday","March",1997,7,11.00,3,"Q1",
433,1997/3/8 00:00:00,"Saturday","March",1997,8,11.00,3,"Q1",
434,1997/3/9 00:00:00,"Sunday","March",1997,9,12.00,3,"Q1",
435,1997/3/10 00:00:00,"Monday","March",1997,10,12.00,3,"Q1",
436,1997/3/11 00:00:00,"Tuesday","March",1997,11,12.00,3,"Q1",
437,1997/3/12 00:00:00,"Wednesday","March",1997,12,12.00,3,"Q1",
438,1997/3/13 00:00:00,"Thursday","March",1997,13,12.00,3,"Q1",
439,1997/3/14 00:00:00,"Friday","March",1997,14,12.00,3,"Q1",
440,1997/3/15 00:00:00,"Saturday","March",1997,15,12.00,3,"Q1",
441,1997/3/16 00:00:00,"Sunday","March",1997,16,13.00,3,"Q1",
442,1997/3/17 00:00:00,"Monday","March",1997,17,13.00,3,"Q1",
443,1997/3/18 00:00:00,"Tuesday","March",1997,18,13.00,3,"Q1",
444,1997/3/19 00:00:00,"Wednesday","March",1997,19,13.00,3,"Q1",
445,1997/3/20 00:00:00,"Thursday","March",1997,20,13.00,3,"Q1",
446,1997/3/21 00:00:00,"Friday","March",1997,21,13.00,3,"Q1",
447,1997/3/22 00:00:00,"Saturday","March",1997,22,13.00,3,"Q1",
448,1997/3/23 00:00:00,"Sunday","March",1997,23,14.00,3,"Q1",
449,1997/3/24 00:00:00,"Monday","March",1997,24,14.00,3,"Q1",
450,1997/3/25 00:00:00,"Tuesday","March",1997,25,14.00,3,"Q1",
451,1997/3/26 00:00:00,"Wednesday","March",1997,26,14.00,3,"Q1",
452,1997/3/27 00:00:00,"Thursday","March",1997,27,14.00,3,"Q1",
453,1997/3/28 00:00:00,"Friday","March",1997,28,14.00,3,"Q1",
454,1997/3/29 00:00:00,"Saturday","March",1997,29,14.00,3,"Q1",
455,1997/3/30 00:00:00,"Sunday","March",1997,30,15.00,3,"Q1",
456,1997/3/31 00:00:00,"Monday","March",1997,31,15.00,3,"Q1",
457,1997/4/1 00:00:00,"Tuesday","April",1997,1,15.00,4,"Q2",
458,1997/4/2 00:00:00,"Wednesday","April",1997,2,15.00,4,"Q2",
459,1997/4/3 00:00:00,"Thursday","April",1997,3,15.00,4,"Q2",
460,1997/4/4 00:00:00,"Friday","April",1997,4,15.00,4,"Q2",
461,1997/4/5 00:00:00,"Saturday","April",1997,5,15.00,4,"Q2",
462,1997/4/6 00:00:00,"Sunday","April",1997,6,16.00,4,"Q2",
463,1997/4/7 00:00:00,"Monday","April",1997,7,16.00,4,"Q2",
464,1997/4/8 00:00:00,"Tuesday","April",1997,8,16.00,4,"Q2",
465,1997/4/9 00:00:00,"Wednesday","April",1997,9,16.00,4,"Q2",
466,1997/4/10 00:00:00,"Thursday","April",1997,10,16.00,4,"Q2",
467,1997/4/11 00:00:00,"Friday","April",1997,11,16.00,4,"Q2",
468,1997/4/12 00:00:00,"Saturday","April",1997,12,16.00,4,"Q2",
469,1997/4/13 00:00:00,"Sunday","April",1997,13,17.00,4,"Q2",
470,1997/4/14 00:00:00,"Monday","April",1997,14,17.00,4,"Q2",
471,1997/4/15 00:00:00,"Tuesday","April",1997,15,17.00,4,"Q2",
472,1997/4/16 00:00:00,"Wednesday","April",1997,16,17.00,4,"Q2",
473,1997/4/17 00:00:00,"Thursday","April",1997,17,17.00,4,"Q2",
474,1997/4/18 00:00:00,"Friday","April",1997,18,17.00,4,"Q2",
475,1997/4/19 00:00:00,"Saturday","April",1997,19,17.00,4,"Q2",
476,1997/4/20 00:00:00,"Sunday","April",1997,20,18.00,4,"Q2",
477,1997/4/21 00:00:00,"Monday","April",1997,21,18.00,4,"Q2",
478,1997/4/22 00:00:00,"Tuesday","April",1997,22,18.00,4,"Q2",
479,1997/4/23 00:00:00,"Wednesday","April",1997,23,18.00,4,"Q2",
480,1997/4/24 00:00:00,"Thursday","April",1997,24,18.00,4,"Q2",
481,1997/4/25 00:00:00,"Friday","April",1997,25,18.00,4,"Q2",
482,1997/4/26 00:00:00,"Saturday","April",1997,26,18.00,4,"Q2",
483,1997/4/27 00:00:00,"Sunday","April",1997,27,19.00,4,"Q2",
484,1997/4/28 00:00:00,"Monday","April",1997,28,19.00,4,"Q2",
485,1997/4/29 00:00:00,"Tuesday","April",1997,29,19.00,4,"Q2",
486,1997/4/30 00:00:00,"Wednesday","April",1997,30,19.00,4,"Q2",
487,1997/5/1 00:00:00,"Thursday","May",1997,1,19.00,5,"Q2",
488,1997/5/2 00:00:00,"Friday","May",1997,2,19.00,5,"Q2",
489,1997/5/3 00:00:00,"Saturday","May",1997,3,19.00,5,"Q2",
490,1997/5/4 00:00:00,"Sunday","May",1997,4,20.00,5,"Q2",
491,1997/5/5 00:00:00,"Monday","May",1997,5,20.00,5,"Q2",
492,1997/5/6 00:00:00,"Tuesday","May",1997,6,20.00,5,"Q2",
493,1997/5/7 00:00:00,"Wednesday","May",1997,7,20.00,5,"Q2",
494,1997/5/8 00:00:00,"Thursday","May",1997,8,20.00,5,"Q2",
495,1997/5/9 00:00:00,"Friday","May",1997,9,20.00,5,"Q2",
496,1997/5/10 00:00:00,"Saturday","May",1997,10,20.00,5,"Q2",
497,1997/5/11 00:00:00,"Sunday","May",1997,11,21.00,5,"Q2",
498,1997/5/12 00:00:00,"Monday","May",1997,12,21.00,5,"Q2",
499,1997/5/13 00:00:00,"Tuesday","May",1997,13,21.00,5,"Q2",
500,1997/5/14 00:00:00,"Wednesday","May",1997,14,21.00,5,"Q2",
501,1997/5/15 00:00:00,"Thursday","May",1997,15,21.00,5,"Q2",
502,1997/5/16 00:00:00,"Friday","May",1997,16,21.00,5,"Q2",
503,1997/5/17 00:00:00,"Saturday","May",1997,17,21.00,5,"Q2",
504,1997/5/18 00:00:00,"Sunday","May",1997,18,22.00,5,"Q2",
505,1997/5/19 00:00:00,"Monday","May",1997,19,22.00,5,"Q2",
506,1997/5/20 00:00:00,"Tuesday","May",1997,20,22.00,5,"Q2",
507,1997/5/21 00:00:00,"Wednesday","May",1997,21,22.00,5,"Q2",
508,1997/5/22 00:00:00,"Thursday","May",1997,22,22.00,5,"Q2",
509,1997/5/23 00:00:00,"Friday","May",1997,23,22.00,5,"Q2",
510,1997/5/24 00:00:00,"Saturday","May",1997,24,22.00,5,"Q2",
511,1997/5/25 00:00:00,"Sunday","May",1997,25,23.00,5,"Q2",
512,1997/5/26 00:00:00,"Monday","May",1997,26,23.00,5,"Q2",
513,1997/5/27 00:00:00,"Tuesday","May",1997,27,23.00,5,"Q2",
514,1997/5/28 00:00:00,"Wednesday","May",1997,28,23.00,5,"Q2",
515,1997/5/29 00:00:00,"Thursday","May",1997,29,23.00,5,"Q2",
516,1997/5/30 00:00:00,"Friday","May",1997,30,23.00,5,"Q2",
517,1997/5/31 00:00:00,"Saturday","May",1997,31,23.00,5,"Q2",
518,1997/6/1 00:00:00,"Sunday","June",1997,1,24.00,6,"Q2",
519,1997/6/2 00:00:00,"Monday","June",1997,2,24.00,6,"Q2",
520,1997/6/3 00:00:00,"Tuesday","June",1997,3,24.00,6,"Q2",
521,1997/6/4 00:00:00,"Wednesday","June",1997,4,24.00,6,"Q2",
522,1997/6/5 00:00:00,"Thursday","June",1997,5,24.00,6,"Q2",
523,1997/6/6 00:00:00,"Friday","June",1997,6,24.00,6,"Q2",
524,1997/6/7 00:00:00,"Saturday","June",1997,7,24.00,6,"Q2",
525,1997/6/8 00:00:00,"Sunday","June",1997,8,25.00,6,"Q2",
526,1997/6/9 00:00:00,"Monday","June",1997,9,25.00,6,"Q2",
527,1997/6/10 00:00:00,"Tuesday","June",1997,10,25.00,6,"Q2",
528,1997/6/11 00:00:00,"Wednesday","June",1997,11,25.00,6,"Q2",
529,1997/6/12 00:00:00,"Thursday","June",1997,12,25.00,6,"Q2",
530,1997/6/13 00:00:00,"Friday","June",1997,13,25.00,6,"Q2",
531,1997/6/14 00:00:00,"Saturday","June",1997,14,25.00,6,"Q2",
532,1997/6/15 00:00:00,"Sunday","June",1997,15,26.00,6,"Q2",
533,1997/6/16 00:00:00,"Monday","June",1997,16,26.00,6,"Q2",
534,1997/6/17 00:00:00,"Tuesday","June",1997,17,26.00,6,"Q2",
535,1997/6/18 00:00:00,"Wednesday","June",1997,18,26.00,6,"Q2",
536,1997/6/19 00:00:00,"Thursday","June",1997,19,26.00,6,"Q2",
537,1997/6/20 00:00:00,"Friday","June",1997,20,26.00,6,"Q2",
538,1997/6/21 00:00:00,"Saturday","June",1997,21,26.00,6,"Q2",
539,1997/6/22 00:00:00,"Sunday","June",1997,22,27.00,6,"Q2",
540,1997/6/23 00:00:00,"Monday","June",1997,23,27.00,6,"Q2",
541,1997/6/24 00:00:00,"Tuesday","June",1997,24,27.00,6,"Q2",
542,1997/6/25 00:00:00,"Wednesday","June",1997,25,27.00,6,"Q2",
543,1997/6/26 00:00:00,"Thursday","June",1997,26,27.00,6,"Q2",
544,1997/6/27 00:00:00,"Friday","June",1997,27,27.00,6,"Q2",
545,1997/6/28 00:00:00,"Saturday","June",1997,28,27.00,6,"Q2",
546,1997/6/29 00:00:00,"Sunday","June",1997,29,28.00,6,"Q2",
547,1997/6/30 00:00:00,"Monday","June",1997,30,28.00,6,"Q2",
548,1997/7/1 00:00:00,"Tuesday","July",1997,1,28.00,7,"Q3",
549,1997/7/2 00:00:00,"Wednesday","July",1997,2,28.00,7,"Q3",
550,1997/7/3 00:00:00,"Thursday","July",1997,3,28.00,7,"Q3",
551,1997/7/4 00:00:00,"Friday","July",1997,4,28.00,7,"Q3",
552,1997/7/5 00:00:00,"Saturday","July",1997,5,28.00,7,"Q3",
553,1997/7/6 00:00:00,"Sunday","July",1997,6,29.00,7,"Q3",
554,1997/7/7 00:00:00,"Monday","July",1997,7,29.00,7,"Q3",
555,1997/7/8 00:00:00,"Tuesday","July",1997,8,29.00,7,"Q3",
556,1997/7/9 00:00:00,"Wednesday","July",1997,9,29.00,7,"Q3",
557,1997/7/10 00:00:00,"Thursday","July",1997,10,29.00,7,"Q3",
558,1997/7/11 00:00:00,"Friday","July",1997,11,29.00,7,"Q3",
559,1997/7/12 00:00:00,"Saturday","July",1997,12,29.00,7,"Q3",
560,1997/7/13 00:00:00,"Sunday","July",1997,13,30.00,7,"Q3",
561,1997/7/14 00:00:00,"Monday","July",1997,14,30.00,7,"Q3",
562,1997/7/15 00:00:00,"Tuesday","July",1997,15,30.00,7,"Q3",
563,1997/7/16 00:00:00,"Wednesday","July",1997,16,30.00,7,"Q3",
564,1997/7/17 00:00:00,"Thursday","July",1997,17,30.00,7,"Q3",
565,1997/7/18 00:00:00,"Friday","July",1997,18,30.00,7,"Q3",
566,1997/7/19 00:00:00,"Saturday","July",1997,19,30.00,7,"Q3",
567,1997/7/20 00:00:00,"Sunday","July",1997,20,31.00,7,"Q3",
568,1997/7/21 00:00:00,"Monday","July",1997,21,31.00,7,"Q3",
569,1997/7/22 00:00:00,"Tuesday","July",1997,22,31.00,7,"Q3",
570,1997/7/23 00:00:00,"Wednesday","July",1997,23,31.00,7,"Q3",
571,1997/7/24 00:00:00,"Thursday","July",1997,24,31.00,7,"Q3",
572,1997/7/25 00:00:00,"Friday","July",1997,25,31.00,7,"Q3",
573,1997/7/26 00:00:00,"Saturday","July",1997,26,31.00,7,"Q3",
574,1997/7/27 00:00:00,"Sunday","July",1997,27,32.00,7,"Q3",
575,1997/7/28 00:00:00,"Monday","July",1997,28,32.00,7,"Q3",
576,1997/7/29 00:00:00,"Tuesday","July",1997,29,32.00,7,"Q3",
577,1997/7/30 00:00:00,"Wednesday","July",1997,30,32.00,7,"Q3",
578,1997/7/31 00:00:00,"Thursday","July",1997,31,32.00,7,"Q3",
579,1997/8/1 00:00:00,"Friday","August",1997,1,32.00,8,"Q3",
580,1997/8/2 00:00:00,"Saturday","August",1997,2,32.00,8,"Q3",
581,1997/8/3 00:00:00,"Sunday","August",1997,3,33.00,8,"Q3",
582,1997/8/4 00:00:00,"Monday","August",1997,4,33.00,8,"Q3",
583,1997/8/5 00:00:00,"Tuesday","August",1997,5,33.00,8,"Q3",
584,1997/8/6 00:00:00,"Wednesday","August",1997,6,33.00,8,"Q3",
585,1997/8/7 00:00:00,"Thursday","August",1997,7,33.00,8,"Q3",
586,1997/8/8 00:00:00,"Friday","August",1997,8,33.00,8,"Q3",
587,1997/8/9 00:00:00,"Saturday","August",1997,9,33.00,8,"Q3",
588,1997/8/10 00:00:00,"Sunday","August",1997,10,34.00,8,"Q3",
589,1997/8/11 00:00:00,"Monday","August",1997,11,34.00,8,"Q3",
590,1997/8/12 00:00:00,"Tuesday","August",1997,12,34.00,8,"Q3",
591,1997/8/13 00:00:00,"Wednesday","August",1997,13,34.00,8,"Q3",
592,1997/8/14 00:00:00,"Thursday","August",1997,14,34.00,8,"Q3",
593,1997/8/15 00:00:00,"Friday","August",1997,15,34.00,8,"Q3",
594,1997/8/16 00:00:00,"Saturday","August",1997,16,34.00,8,"Q3",
595,1997/8/17 00:00:00,"Sunday","August",1997,17,35.00,8,"Q3",
596,1997/8/18 00:00:00,"Monday","August",1997,18,35.00,8,"Q3",
597,1997/8/19 00:00:00,"Tuesday","August",1997,19,35.00,8,"Q3",
598,1997/8/20 00:00:00,"Wednesday","August",1997,20,35.00,8,"Q3",
599,1997/8/21 00:00:00,"Thursday","August",1997,21,35.00,8,"Q3",
600,1997/8/22 00:00:00,"Friday","August",1997,22,35.00,8,"Q3",
601,1997/8/23 00:00:00,"Saturday","August",1997,23,35.00,8,"Q3",
602,1997/8/24 00:00:00,"Sunday","August",1997,24,36.00,8,"Q3",
603,1997/8/25 00:00:00,"Monday","August",1997,25,36.00,8,"Q3",
604,1997/8/26 00:00:00,"Tuesday","August",1997,26,36.00,8,"Q3",
605,1997/8/27 00:00:00,"Wednesday","August",1997,27,36.00,8,"Q3",
606,1997/8/28 00:00:00,"Thursday","August",1997,28,36.00,8,"Q3",
607,1997/8/29 00:00:00,"Friday","August",1997,29,36.00,8,"Q3",
608,1997/8/30 00:00:00,"Saturday","August",1997,30,36.00,8,"Q3",
609,1997/8/31 00:00:00,"Sunday","August",1997,31,37.00,8,"Q3",
610,1997/9/1 00:00:00,"Monday","September",1997,1,37.00,9,"Q3",
611,1997/9/2 00:00:00,"Tuesday","September",1997,2,37.00,9,"Q3",
612,1997/9/3 00:00:00,"Wednesday","September",1997,3,37.00,9,"Q3",
613,1997/9/4 00:00:00,"Thursday","September",1997,4,37.00,9,"Q3",
614,1997/9/5 00:00:00,"Friday","September",1997,5,37.00,9,"Q3",
615,1997/9/6 00:00:00,"Saturday","September",1997,6,37.00,9,"Q3",
616,1997/9/7 00:00:00,"Sunday","September",1997,7,38.00,9,"Q3",
617,1997/9/8 00:00:00,"Monday","September",1997,8,38.00,9,"Q3",
618,1997/9/9 00:00:00,"Tuesday","September",1997,9,38.00,9,"Q3",
619,1997/9/10 00:00:00,"Wednesday","September",1997,10,38.00,9,"Q3",
620,1997/9/11 00:00:00,"Thursday","September",1997,11,38.00,9,"Q3",
621,1997/9/12 00:00:00,"Friday","September",1997,12,38.00,9,"Q3",
622,1997/9/13 00:00:00,"Saturday","September",1997,13,38.00,9,"Q3",
623,1997/9/14 00:00:00,"Sunday","September",1997,14,39.00,9,"Q3",
624,1997/9/15 00:00:00,"Monday","September",1997,15,39.00,9,"Q3",
625,1997/9/16 00:00:00,"Tuesday","September",1997,16,39.00,9,"Q3",
626,1997/9/17 00:00:00,"Wednesday","September",1997,17,39.00,9,"Q3",
627,1997/9/18 00:00:00,"Thursday","September",1997,18,39.00,9,"Q3",
628,1997/9/19 00:00:00,"Friday","September",1997,19,39.00,9,"Q3",
629,1997/9/20 00:00:00,"Saturday","September",1997,20,39.00,9,"Q3",
630,1997/9/21 00:00:00,"Sunday","September",1997,21,40.00,9,"Q3",
631,1997/9/22 00:00:00,"Monday","September",1997,22,40.00,9,"Q3",
632,1997/9/23 00:00:00,"Tuesday","September",1997,23,40.00,9,"Q3",
633,1997/9/24 00:00:00,"Wednesday","September",1997,24,40.00,9,"Q3",
634,1997/9/25 00:00:00,"Thursday","September",1997,25,40.00,9,"Q3",
635,1997/9/26 00:00:00,"Friday","September",1997,26,40.00,9,"Q3",
636,1997/9/27 00:00:00,"Saturday","September",1997,27,40.00,9,"Q3",
637,1997/9/28 00:00:00,"Sunday","September",1997,28,41.00,9,"Q3",
638,1997/9/29 00:00:00,"Monday","September",1997,29,41.00,9,"Q3",
639,1997/9/30 00:00:00,"Tuesday","September",1997,30,41.00,9,"Q3",
640,1997/10/1 00:00:00,"Wednesday","October",1997,1,41.00,10,"Q4",
641,1997/10/2 00:00:00,"Thursday","October",1997,2,41.00,10,"Q4",
642,1997/10/3 00:00:00,"Friday","October",1997,3,41.00,10,"Q4",
643,1997/10/4 00:00:00,"Saturday","October",1997,4,41.00,10,"Q4",
644,1997/10/5 00:00:00,"Sunday","October",1997,5,42.00,10,"Q4",
645,1997/10/6 00:00:00,"Monday","October",1997,6,42.00,10,"Q4",
646,1997/10/7 00:00:00,"Tuesday","October",1997,7,42.00,10,"Q4",
647,1997/10/8 00:00:00,"Wednesday","October",1997,8,42.00,10,"Q4",
648,1997/10/9 00:00:00,"Thursday","October",1997,9,42.00,10,"Q4",
649,1997/10/10 00:00:00,"Friday","October",1997,10,42.00,10,"Q4",
650,1997/10/11 00:00:00,"Saturday","October",1997,11,42.00,10,"Q4",
651,1997/10/12 00:00:00,"Sunday","October",1997,12,43.00,10,"Q4",
652,1997/10/13 00:00:00,"Monday","October",1997,13,43.00,10,"Q4",
653,1997/10/14 00:00:00,"Tuesday","October",1997,14,43.00,10,"Q4",
654,1997/10/15 00:00:00,"Wednesday","October",1997,15,43.00,10,"Q4",
655,1997/10/16 00:00:00,"Thursday","October",1997,16,43.00,10,"Q4",
656,1997/10/17 00:00:00,"Friday","October",1997,17,43.00,10,"Q4",
657,1997/10/18 00:00:00,"Saturday","October",1997,18,43.00,10,"Q4",
658,1997/10/19 00:00:00,"Sunday","October",1997,19,44.00,10,"Q4",
659,1997/10/20 00:00:00,"Monday","October",1997,20,44.00,10,"Q4",
660,1997/10/21 00:00:00,"Tuesday","October",1997,21,44.00,10,"Q4",
661,1997/10/22 00:00:00,"Wednesday","October",1997,22,44.00,10,"Q4",
662,1997/10/23 00:00:00,"Thursday","October",1997,23,44.00,10,"Q4",
663,1997/10/24 00:00:00,"Friday","October",1997,24,44.00,10,"Q4",
664,1997/10/25 00:00:00,"Saturday","October",1997,25,44.00,10,"Q4",
665,1997/10/26 00:00:00,"Sunday","October",1997,26,45.00,10,"Q4",
666,1997/10/27 00:00:00,"Monday","October",1997,27,45.00,10,"Q4",
667,1997/10/28 00:00:00,"Tuesday","October",1997,28,45.00,10,"Q4",
668,1997/10/29 00:00:00,"Wednesday","October",1997,29,45.00,10,"Q4",
669,1997/10/30 00:00:00,"Thursday","October",1997,30,45.00,10,"Q4",
670,1997/10/31 00:00:00,"Friday","October",1997,31,45.00,10,"Q4",
671,1997/11/1 00:00:00,"Saturday","November",1997,1,45.00,11,"Q4",
672,1997/11/2 00:00:00,"Sunday","November",1997,2,46.00,11,"Q4",
673,1997/11/3 00:00:00,"Monday","November",1997,3,46.00,11,"Q4",
674,1997/11/4 00:00:00,"Tuesday","November",1997,4,46.00,11,"Q4",
675,1997/11/5 00:00:00,"Wednesday","November",1997,5,46.00,11,"Q4",
676,1997/11/6 00:00:00,"Thursday","November",1997,6,46.00,11,"Q4",
677,1997/11/7 00:00:00,"Friday","November",1997,7,46.00,11,"Q4",
678,1997/11/8 00:00:00,"Saturday","November",1997,8,46.00,11,"Q4",
679,1997/11/9 00:00:00,"Sunday","November",1997,9,47.00,11,"Q4",
680,1997/11/10 00:00:00,"Monday","November",1997,10,47.00,11,"Q4",
681,1997/11/11 00:00:00,"Tuesday","November",1997,11,47.00,11,"Q4",
682,1997/11/12 00:00:00,"Wednesday","November",1997,12,47.00,11,"Q4",
683,1997/11/13 00:00:00,"Thursday","November",1997,13,47.00,11,"Q4",
684,1997/11/14 00:00:00,"Friday","November",1997,14,47.00,11,"Q4",
685,1997/11/15 00:00:00,"Saturday","November",1997,15,47.00,11,"Q4",
686,1997/11/16 00:00:00,"Sunday","November",1997,16,48.00,11,"Q4",
687,1997/11/17 00:00:00,"Monday","November",1997,17,48.00,11,"Q4",
688,1997/11/18 00:00:00,"Tuesday","November",1997,18,48.00,11,"Q4",
689,1997/11/19 00:00:00,"Wednesday","November",1997,19,48.00,11,"Q4",
690,1997/11/20 00:00:00,"Thursday","November",1997,20,48.00,11,"Q4",
691,1997/11/21 00:00:00,"Friday","November",1997,21,48.00,11,"Q4",
692,1997/11/22 00:00:00,"Saturday","November",1997,22,48.00,11,"Q4",
693,1997/11/23 00:00:00,"Sunday","November",1997,23,49.00,11,"Q4",
694,1997/11/24 00:00:00,"Monday","November",1997,24,49.00,11,"Q4",
695,1997/11/25 00:00:00,"Tuesday","November",1997,25,49.00,11,"Q4",
696,1997/11/26 00:00:00,"Wednesday","November",1997,26,49.00,11,"Q4",
697,1997/11/27 00:00:00,"Thursday","November",1997,27,49.00,11,"Q4",
698,1997/11/28 00:00:00,"Friday","November",1997,28,49.00,11,"Q4",
699,1997/11/29 00:00:00,"Saturday","November",1997,29,49.00,11,"Q4",
700,1997/11/30 00:00:00,"Sunday","November",1997,30,50.00,11,"Q4",
701,1997/12/1 00:00:00,"Monday","December",1997,1,50.00,12,"Q4",
702,1997/12/2 00:00:00,"Tuesday","December",1997,2,50.00,12,"Q4",
703,1997/12/3 00:00:00,"Wednesday","December",1997,3,50.00,12,"Q4",
704,1997/12/4 00:00:00,"Thursday","December",1997,4,50.00,12,"Q4",
705,1997/12/5 00:00:00,"Friday","December",1997,5,50.00,12,"Q4",
706,1997/12/6 00:00:00,"Saturday","December",1997,6,50.00,12,"Q4",
707,1997/12/7 00:00:00,"Sunday","December",1997,7,51.00,12,"Q4",
708,1997/12/8 00:00:00,"Monday","December",1997,8,51.00,12,"Q4",
709,1997/12/9 00:00:00,"Tuesday","December",1997,9,51.00,12,"Q4",
710,1997/12/10 00:00:00,"Wednesday","December",1997,10,51.00,12,"Q4",
711,1997/12/11 00:00:00,"Thursday","December",1997,11,51.00,12,"Q4",
712,1997/12/12 00:00:00,"Friday","December",1997,12,51.00,12,"Q4",
713,1997/12/13 00:00:00,"Saturday","December",1997,13,51.00,12,"Q4",
714,1997/12/14 00:00:00,"Sunday","December",1997,14,52.00,12,"Q4",
715,1997/12/15 00:00:00,"Monday","December",1997,15,1.00,12,"Q4",
716,1997/12/16 00:00:00,"Tuesday","December",1997,16,1.00,12,"Q4",
717,1997/12/17 00:00:00,"Wednesday","December",1997,17,1.00,12,"Q4",
718,1997/12/18 00:00:00,"Thursday","December",1997,18,1.00,12,"Q4",
719,1997/12/19 00:00:00,"Friday","December",1997,19,1.00,12,"Q4",
720,1997/12/20 00:00:00,"Saturday","December",1997,20,1.00,12,"Q4",
721,1997/12/21 00:00:00,"Sunday","December",1997,21,2.00,12,"Q4",
722,1997/12/22 00:00:00,"Monday","December",1997,22,2.00,12,"Q4",
723,1997/12/23 00:00:00,"Tuesday","December",1997,23,2.00,12,"Q4",
724,1997/12/24 00:00:00,"Wednesday","December",1997,24,2.00,12,"Q4",
725,1997/12/25 00:00:00,"Thursday","December",1997,25,2.00,12,"Q4",
726,1997/12/26 00:00:00,"Friday","December",1997,26,2.00,12,"Q4",
727,1997/12/27 00:00:00,"Saturday","December",1997,27,2.00,12,"Q4",
728,1997/12/28 00:00:00,"Sunday","December",1997,28,3.00,12,"Q4",
729,1997/12/29 00:00:00,"Monday","December",1997,29,3.00,12,"Q4",
730,1997/12/30 00:00:00,"Tuesday","December",1997,30,3.00,12,"Q4",
731,1997/12/31 00:00:00,"Wednesday","December",1997,31,3.00,12,"Q4",
732,1998/1/1 00:00:00,"Thursday","January",1998,1,3.00,1,"Q1",
733,1998/1/2 00:00:00,"Friday","January",1998,2,3.00,1,"Q1",
734,1998/1/3 00:00:00,"Saturday","January",1998,3,3.00,1,"Q1",
735,1998/1/4 00:00:00,"Sunday","January",1998,4,4.00,1,"Q1",
736,1998/1/5 00:00:00,"Monday","January",1998,5,4.00,1,"Q1",
737,1998/1/6 00:00:00,"Tuesday","January",1998,6,4.00,1,"Q1",
738,1998/1/7 00:00:00,"Wednesday","January",1998,7,4.00,1,"Q1",
739,1998/1/8 00:00:00,"Thursday","January",1998,8,4.00,1,"Q1",
740,1998/1/9 00:00:00,"Friday","January",1998,9,4.00,1,"Q1",
741,1998/1/10 00:00:00,"Saturday","January",1998,10,4.00,1,"Q1",
742,1998/1/11 00:00:00,"Sunday","January",1998,11,5.00,1,"Q1",
743,1998/1/12 00:00:00,"Monday","January",1998,12,5.00,1,"Q1",
744,1998/1/13 00:00:00,"Tuesday","January",1998,13,5.00,1,"Q1",
745,1998/1/14 00:00:00,"Wednesday","January",1998,14,5.00,1,"Q1",
746,1998/1/15 00:00:00,"Thursday","January",1998,15,5.00,1,"Q1",
747,1998/1/16 00:00:00,"Friday","January",1998,16,5.00,1,"Q1",
748,1998/1/17 00:00:00,"Saturday","January",1998,17,5.00,1,"Q1",
749,1998/1/18 00:00:00,"Sunday","January",1998,18,6.00,1,"Q1",
750,1998/1/19 00:00:00,"Monday","January",1998,19,6.00,1,"Q1",
751,1998/1/20 00:00:00,"Tuesday","January",1998,20,6.00,1,"Q1",
752,1998/1/21 00:00:00,"Wednesday","January",1998,21,6.00,1,"Q1",
753,1998/1/22 00:00:00,"Thursday","January",1998,22,6.00,1,"Q1",
754,1998/1/23 00:00:00,"Friday","January",1998,23,6.00,1,"Q1",
755,1998/1/24 00:00:00,"Saturday","January",1998,24,6.00,1,"Q1",
756,1998/1/25 00:00:00,"Sunday","January",1998,25,7.00,1,"Q1",
757,1998/1/26 00:00:00,"Monday","January",1998,26,7.00,1,"Q1",
758,1998/1/27 00:00:00,"Tuesday","January",1998,27,7.00,1,"Q1",
759,1998/1/28 00:00:00,"Wednesday","January",1998,28,7.00,1,"Q1",
760,1998/1/29 00:00:00,"Thursday","January",1998,29,7.00,1,"Q1",
761,1998/1/30 00:00:00,"Friday","January",1998,30,7.00,1,"Q1",
762,1998/1/31 00:00:00,"Saturday","January",1998,31,7.00,1,"Q1",
763,1998/2/1 00:00:00,"Sunday","February",1998,1,8.00,2,"Q1",
764,1998/2/2 00:00:00,"Monday","February",1998,2,8.00,2,"Q1",
765,1998/2/3 00:00:00,"Tuesday","February",1998,3,8.00,2,"Q1",
766,1998/2/4 00:00:00,"Wednesday","February",1998,4,8.00,2,"Q1",
767,1998/2/5 00:00:00,"Thursday","February",1998,5,8.00,2,"Q1",
768,1998/2/6 00:00:00,"Friday","February",1998,6,8.00,2,"Q1",
769,1998/2/7 00:00:00,"Saturday","February",1998,7,8.00,2,"Q1",
770,1998/2/8 00:00:00,"Sunday","February",1998,8,9.00,2,"Q1",
771,1998/2/9 00:00:00,"Monday","February",1998,9,9.00,2,"Q1",
772,1998/2/10 00:00:00,"Tuesday","February",1998,10,9.00,2,"Q1",
773,1998/2/11 00:00:00,"Wednesday","February",1998,11,9.00,2,"Q1",
774,1998/2/12 00:00:00,"Thursday","February",1998,12,9.00,2,"Q1",
775,1998/2/13 00:00:00,"Friday","February",1998,13,9.00,2,"Q1",
776,1998/2/14 00:00:00,"Saturday","February",1998,14,9.00,2,"Q1",
777,1998/2/15 00:00:00,"Sunday","February",1998,15,10.00,2,"Q1",
778,1998/2/16 00:00:00,"Monday","February",1998,16,10.00,2,"Q1",
779,1998/2/17 00:00:00,"Tuesday","February",1998,17,10.00,2,"Q1",
780,1998/2/18 00:00:00,"Wednesday","February",1998,18,10.00,2,"Q1",
781,1998/2/19 00:00:00,"Thursday","February",1998,19,10.00,2,"Q1",
782,1998/2/20 00:00:00,"Friday","February",1998,20,10.00,2,"Q1",
783,1998/2/21 00:00:00,"Saturday","February",1998,21,10.00,2,"Q1",
784,1998/2/22 00:00:00,"Sunday","February",1998,22,11.00,2,"Q1",
785,1998/2/23 00:00:00,"Monday","February",1998,23,11.00,2,"Q1",
786,1998/2/24 00:00:00,"Tuesday","February",1998,24,11.00,2,"Q1",
787,1998/2/25 00:00:00,"Wednesday","February",1998,25,11.00,2,"Q1",
788,1998/2/26 00:00:00,"Thursday","February",1998,26,11.00,2,"Q1",
789,1998/2/27 00:00:00,"Friday","February",1998,27,11.00,2,"Q1",
790,1998/2/28 00:00:00,"Saturday","February",1998,28,11.00,2,"Q1",
791,1998/3/1 00:00:00,"Sunday","March",1998,1,12.00,3,"Q1",
792,1998/3/2 00:00:00,"Monday","March",1998,2,12.00,3,"Q1",
793,1998/3/3 00:00:00,"Tuesday","March",1998,3,12.00,3,"Q1",
794,1998/3/4 00:00:00,"Wednesday","March",1998,4,12.00,3,"Q1",
795,1998/3/5 00:00:00,"Thursday","March",1998,5,12.00,3,"Q1",
796,1998/3/6 00:00:00,"Friday","March",1998,6,12.00,3,"Q1",
797,1998/3/7 00:00:00,"Saturday","March",1998,7,12.00,3,"Q1",
798,1998/3/8 00:00:00,"Sunday","March",1998,8,13.00,3,"Q1",
799,1998/3/9 00:00:00,"Monday","March",1998,9,13.00,3,"Q1",
800,1998/3/10 00:00:00,"Tuesday","March",1998,10,13.00,3,"Q1",
801,1998/3/11 00:00:00,"Wednesday","March",1998,11,13.00,3,"Q1",
802,1998/3/12 00:00:00,"Thursday","March",1998,12,13.00,3,"Q1",
803,1998/3/13 00:00:00,"Friday","March",1998,13,13.00,3,"Q1",
804,1998/3/14 00:00:00,"Saturday","March",1998,14,13.00,3,"Q1",
805,1998/3/15 00:00:00,"Sunday","March",1998,15,14.00,3,"Q1",
806,1998/3/16 00:00:00,"Monday","March",1998,16,14.00,3,"Q1",
807,1998/3/17 00:00:00,"Tuesday","March",1998,17,14.00,3,"Q1",
808,1998/3/18 00:00:00,"Wednesday","March",1998,18,14.00,3,"Q1",
809,1998/3/19 00:00:00,"Thursday","March",1998,19,14.00,3,"Q1",
810,1998/3/20 00:00:00,"Friday","March",1998,20,14.00,3,"Q1",
811,1998/3/21 00:00:00,"Saturday","March",1998,21,14.00,3,"Q1",
812,1998/3/22 00:00:00,"Sunday","March",1998,22,15.00,3,"Q1",
813,1998/3/23 00:00:00,"Monday","March",1998,23,15.00,3,"Q1",
814,1998/3/24 00:00:00,"Tuesday","March",1998,24,15.00,3,"Q1",
815,1998/3/25 00:00:00,"Wednesday","March",1998,25,15.00,3,"Q1",
816,1998/3/26 00:00:00,"Thursday","March",1998,26,15.00,3,"Q1",
817,1998/3/27 00:00:00,"Friday","March",1998,27,15.00,3,"Q1",
818,1998/3/28 00:00:00,"Saturday","March",1998,28,15.00,3,"Q1",
819,1998/3/29 00:00:00,"Sunday","March",1998,29,16.00,3,"Q1",
820,1998/3/30 00:00:00,"Monday","March",1998,30,16.00,3,"Q1",
821,1998/3/31 00:00:00,"Tuesday","March",1998,31,16.00,3,"Q1",
822,1998/4/1 00:00:00,"Wednesday","April",1998,1,16.00,4,"Q2",
823,1998/4/2 00:00:00,"Thursday","April",1998,2,16.00,4,"Q2",
824,1998/4/3 00:00:00,"Friday","April",1998,3,16.00,4,"Q2",
825,1998/4/4 00:00:00,"Saturday","April",1998,4,16.00,4,"Q2",
826,1998/4/5 00:00:00,"Sunday","April",1998,5,17.00,4,"Q2",
827,1998/4/6 00:00:00,"Monday","April",1998,6,17.00,4,"Q2",
828,1998/4/7 00:00:00,"Tuesday","April",1998,7,17.00,4,"Q2",
829,1998/4/8 00:00:00,"Wednesday","April",1998,8,17.00,4,"Q2",
830,1998/4/9 00:00:00,"Thursday","April",1998,9,17.00,4,"Q2",
831,1998/4/10 00:00:00,"Friday","April",1998,10,17.00,4,"Q2",
832,1998/4/11 00:00:00,"Saturday","April",1998,11,17.00,4,"Q2",
833,1998/4/12 00:00:00,"Sunday","April",1998,12,18.00,4,"Q2",
834,1998/4/13 00:00:00,"Monday","April",1998,13,18.00,4,"Q2",
835,1998/4/14 00:00:00,"Tuesday","April",1998,14,18.00,4,"Q2",
836,1998/4/15 00:00:00,"Wednesday","April",1998,15,18.00,4,"Q2",
837,1998/4/16 00:00:00,"Thursday","April",1998,16,18.00,4,"Q2",
838,1998/4/17 00:00:00,"Friday","April",1998,17,18.00,4,"Q2",
839,1998/4/18 00:00:00,"Saturday","April",1998,18,18.00,4,"Q2",
840,1998/4/19 00:00:00,"Sunday","April",1998,19,19.00,4,"Q2",
841,1998/4/20 00:00:00,"Monday","April",1998,20,19.00,4,"Q2",
842,1998/4/21 00:00:00,"Tuesday","April",1998,21,19.00,4,"Q2",
843,1998/4/22 00:00:00,"Wednesday","April",1998,22,19.00,4,"Q2",
844,1998/4/23 00:00:00,"Thursday","April",1998,23,19.00,4,"Q2",
845,1998/4/24 00:00:00,"Friday","April",1998,24,19.00,4,"Q2",
846,1998/4/25 00:00:00,"Saturday","April",1998,25,19.00,4,"Q2",
847,1998/4/26 00:00:00,"Sunday","April",1998,26,20.00,4,"Q2",
848,1998/4/27 00:00:00,"Monday","April",1998,27,20.00,4,"Q2",
849,1998/4/28 00:00:00,"Tuesday","April",1998,28,20.00,4,"Q2",
850,1998/4/29 00:00:00,"Wednesday","April",1998,29,20.00,4,"Q2",
851,1998/4/30 00:00:00,"Thursday","April",1998,30,20.00,4,"Q2",
852,1998/5/1 00:00:00,"Friday","May",1998,1,20.00,5,"Q2",
853,1998/5/2 00:00:00,"Saturday","May",1998,2,20.00,5,"Q2",
854,1998/5/3 00:00:00,"Sunday","May",1998,3,21.00,5,"Q2",
855,1998/5/4 00:00:00,"Monday","May",1998,4,21.00,5,"Q2",
856,1998/5/5 00:00:00,"Tuesday","May",1998,5,21.00,5,"Q2",
857,1998/5/6 00:00:00,"Wednesday","May",1998,6,21.00,5,"Q2",
858,1998/5/7 00:00:00,"Thursday","May",1998,7,21.00,5,"Q2",
859,1998/5/8 00:00:00,"Friday","May",1998,8,21.00,5,"Q2",
860,1998/5/9 00:00:00,"Saturday","May",1998,9,21.00,5,"Q2",
861,1998/5/10 00:00:00,"Sunday","May",1998,10,22.00,5,"Q2",
862,1998/5/11 00:00:00,"Monday","May",1998,11,22.00,5,"Q2",
863,1998/5/12 00:00:00,"Tuesday","May",1998,12,22.00,5,"Q2",
864,1998/5/13 00:00:00,"Wednesday","May",1998,13,22.00,5,"Q2",
865,1998/5/14 00:00:00,"Thursday","May",1998,14,22.00,5,"Q2",
866,1998/5/15 00:00:00,"Friday","May",1998,15,22.00,5,"Q2",
867,1998/5/16 00:00:00,"Saturday","May",1998,16,22.00,5,"Q2",
868,1998/5/17 00:00:00,"Sunday","May",1998,17,23.00,5,"Q2",
869,1998/5/18 00:00:00,"Monday","May",1998,18,23.00,5,"Q2",
870,1998/5/19 00:00:00,"Tuesday","May",1998,19,23.00,5,"Q2",
871,1998/5/20 00:00:00,"Wednesday","May",1998,20,23.00,5,"Q2",
872,1998/5/21 00:00:00,"Thursday","May",1998,21,23.00,5,"Q2",
873,1998/5/22 00:00:00,"Friday","May",1998,22,23.00,5,"Q2",
874,1998/5/23 00:00:00,"Saturday","May",1998,23,23.00,5,"Q2",
875,1998/5/24 00:00:00,"Sunday","May",1998,24,24.00,5,"Q2",
876,1998/5/25 00:00:00,"Monday","May",1998,25,24.00,5,"Q2",
877,1998/5/26 00:00:00,"Tuesday","May",1998,26,24.00,5,"Q2",
878,1998/5/27 00:00:00,"Wednesday","May",1998,27,24.00,5,"Q2",
879,1998/5/28 00:00:00,"Thursday","May",1998,28,24.00,5,"Q2",
880,1998/5/29 00:00:00,"Friday","May",1998,29,24.00,5,"Q2",
881,1998/5/30 00:00:00,"Saturday","May",1998,30,24.00,5,"Q2",
882,1998/5/31 00:00:00,"Sunday","May",1998,31,25.00,5,"Q2",
883,1998/6/1 00:00:00,"Monday","June",1998,1,25.00,6,"Q2",
884,1998/6/2 00:00:00,"Tuesday","June",1998,2,25.00,6,"Q2",
885,1998/6/3 00:00:00,"Wednesday","June",1998,3,25.00,6,"Q2",
886,1998/6/4 00:00:00,"Thursday","June",1998,4,25.00,6,"Q2",
887,1998/6/5 00:00:00,"Friday","June",1998,5,25.00,6,"Q2",
888,1998/6/6 00:00:00,"Saturday","June",1998,6,25.00,6,"Q2",
889,1998/6/7 00:00:00,"Sunday","June",1998,7,26.00,6,"Q2",
890,1998/6/8 00:00:00,"Monday","June",1998,8,26.00,6,"Q2",
891,1998/6/9 00:00:00,"Tuesday","June",1998,9,26.00,6,"Q2",
892,1998/6/10 00:00:00,"Wednesday","June",1998,10,26.00,6,"Q2",
893,1998/6/11 00:00:00,"Thursday","June",1998,11,26.00,6,"Q2",
894,1998/6/12 00:00:00,"Friday","June",1998,12,26.00,6,"Q2",
895,1998/6/13 00:00:00,"Saturday","June",1998,13,26.00,6,"Q2",
896,1998/6/14 00:00:00,"Sunday","June",1998,14,27.00,6,"Q2",
897,1998/6/15 00:00:00,"Monday","June",1998,15,27.00,6,"Q2",
898,1998/6/16 00:00:00,"Tuesday","June",1998,16,27.00,6,"Q2",
899,1998/6/17 00:00:00,"Wednesday","June",1998,17,27.00,6,"Q2",
900,1998/6/18 00:00:00,"Thursday","June",1998,18,27.00,6,"Q2",
901,1998/6/19 00:00:00,"Friday","June",1998,19,27.00,6,"Q2",
902,1998/6/20 00:00:00,"Saturday","June",1998,20,27.00,6,"Q2",
903,1998/6/21 00:00:00,"Sunday","June",1998,21,28.00,6,"Q2",
904,1998/6/22 00:00:00,"Monday","June",1998,22,28.00,6,"Q2",
905,1998/6/23 00:00:00,"Tuesday","June",1998,23,28.00,6,"Q2",
906,1998/6/24 00:00:00,"Wednesday","June",1998,24,28.00,6,"Q2",
907,1998/6/25 00:00:00,"Thursday","June",1998,25,28.00,6,"Q2",
908,1998/6/26 00:00:00,"Friday","June",1998,26,28.00,6,"Q2",
909,1998/6/27 00:00:00,"Saturday","June",1998,27,28.00,6,"Q2",
910,1998/6/28 00:00:00,"Sunday","June",1998,28,29.00,6,"Q2",
911,1998/6/29 00:00:00,"Monday","June",1998,29,29.00,6,"Q2",
912,1998/6/30 00:00:00,"Tuesday","June",1998,30,29.00,6,"Q2",
913,1998/7/1 00:00:00,"Wednesday","July",1998,1,29.00,7,"Q3",
914,1998/7/2 00:00:00,"Thursday","July",1998,2,29.00,7,"Q3",
915,1998/7/3 00:00:00,"Friday","July",1998,3,29.00,7,"Q3",
916,1998/7/4 00:00:00,"Saturday","July",1998,4,29.00,7,"Q3",
917,1998/7/5 00:00:00,"Sunday","July",1998,5,30.00,7,"Q3",
918,1998/7/6 00:00:00,"Monday","July",1998,6,30.00,7,"Q3",
919,1998/7/7 00:00:00,"Tuesday","July",1998,7,30.00,7,"Q3",
920,1998/7/8 00:00:00,"Wednesday","July",1998,8,30.00,7,"Q3",
921,1998/7/9 00:00:00,"Thursday","July",1998,9,30.00,7,"Q3",
922,1998/7/10 00:00:00,"Friday","July",1998,10,30.00,7,"Q3",
923,1998/7/11 00:00:00,"Saturday","July",1998,11,30.00,7,"Q3",
924,1998/7/12 00:00:00,"Sunday","July",1998,12,31.00,7,"Q3",
925,1998/7/13 00:00:00,"Monday","July",1998,13,31.00,7,"Q3",
926,1998/7/14 00:00:00,"Tuesday","July",1998,14,31.00,7,"Q3",
927,1998/7/15 00:00:00,"Wednesday","July",1998,15,31.00,7,"Q3",
928,1998/7/16 00:00:00,"Thursday","July",1998,16,31.00,7,"Q3",
929,1998/7/17 00:00:00,"Friday","July",1998,17,31.00,7,"Q3",
930,1998/7/18 00:00:00,"Saturday","July",1998,18,31.00,7,"Q3",
931,1998/7/19 00:00:00,"Sunday","July",1998,19,32.00,7,"Q3",
932,1998/7/20 00:00:00,"Monday","July",1998,20,32.00,7,"Q3",
933,1998/7/21 00:00:00,"Tuesday","July",1998,21,32.00,7,"Q3",
934,1998/7/22 00:00:00,"Wednesday","July",1998,22,32.00,7,"Q3",
935,1998/7/23 00:00:00,"Thursday","July",1998,23,32.00,7,"Q3",
936,1998/7/24 00:00:00,"Friday","July",1998,24,32.00,7,"Q3",
937,1998/7/25 00:00:00,"Saturday","July",1998,25,32.00,7,"Q3",
938,1998/7/26 00:00:00,"Sunday","July",1998,26,33.00,7,"Q3",
939,1998/7/27 00:00:00,"Monday","July",1998,27,33.00,7,"Q3",
940,1998/7/28 00:00:00,"Tuesday","July",1998,28,33.00,7,"Q3",
941,1998/7/29 00:00:00,"Wednesday","July",1998,29,33.00,7,"Q3",
942,1998/7/30 00:00:00,"Thursday","July",1998,30,33.00,7,"Q3",
943,1998/7/31 00:00:00,"Friday","July",1998,31,33.00,7,"Q3",
944,1998/8/1 00:00:00,"Saturday","August",1998,1,33.00,8,"Q3",
945,1998/8/2 00:00:00,"Sunday","August",1998,2,34.00,8,"Q3",
946,1998/8/3 00:00:00,"Monday","August",1998,3,34.00,8,"Q3",
947,1998/8/4 00:00:00,"Tuesday","August",1998,4,34.00,8,"Q3",
948,1998/8/5 00:00:00,"Wednesday","August",1998,5,34.00,8,"Q3",
949,1998/8/6 00:00:00,"Thursday","August",1998,6,34.00,8,"Q3",
950,1998/8/7 00:00:00,"Friday","August",1998,7,34.00,8,"Q3",
951,1998/8/8 00:00:00,"Saturday","August",1998,8,34.00,8,"Q3",
952,1998/8/9 00:00:00,"Sunday","August",1998,9,35.00,8,"Q3",
953,1998/8/10 00:00:00,"Monday","August",1998,10,35.00,8,"Q3",
954,1998/8/11 00:00:00,"Tuesday","August",1998,11,35.00,8,"Q3",
955,1998/8/12 00:00:00,"Wednesday","August",1998,12,35.00,8,"Q3",
956,1998/8/13 00:00:00,"Thursday","August",1998,13,35.00,8,"Q3",
957,1998/8/14 00:00:00,"Friday","August",1998,14,35.00,8,"Q3",
958,1998/8/15 00:00:00,"Saturday","August",1998,15,35.00,8,"Q3",
959,1998/8/16 00:00:00,"Sunday","August",1998,16,36.00,8,"Q3",
960,1998/8/17 00:00:00,"Monday","August",1998,17,36.00,8,"Q3",
961,1998/8/18 00:00:00,"Tuesday","August",1998,18,36.00,8,"Q3",
962,1998/8/19 00:00:00,"Wednesday","August",1998,19,36.00,8,"Q3",
963,1998/8/20 00:00:00,"Thursday","August",1998,20,36.00,8,"Q3",
964,1998/8/21 00:00:00,"Friday","August",1998,21,36.00,8,"Q3",
965,1998/8/22 00:00:00,"Saturday","August",1998,22,36.00,8,"Q3",
966,1998/8/23 00:00:00,"Sunday","August",1998,23,37.00,8,"Q3",
967,1998/8/24 00:00:00,"Monday","August",1998,24,37.00,8,"Q3",
968,1998/8/25 00:00:00,"Tuesday","August",1998,25,37.00,8,"Q3",
969,1998/8/26 00:00:00,"Wednesday","August",1998,26,37.00,8,"Q3",
970,1998/8/27 00:00:00,"Thursday","August",1998,27,37.00,8,"Q3",
971,1998/8/28 00:00:00,"Friday","August",1998,28,37.00,8,"Q3",
972,1998/8/29 00:00:00,"Saturday","August",1998,29,37.00,8,"Q3",
973,1998/8/30 00:00:00,"Sunday","August",1998,30,38.00,8,"Q3",
974,1998/8/31 00:00:00,"Monday","August",1998,31,38.00,8,"Q3",
975,1998/9/1 00:00:00,"Tuesday","September",1998,1,38.00,9,"Q3",
976,1998/9/2 00:00:00,"Wednesday","September",1998,2,38.00,9,"Q3",
977,1998/9/3 00:00:00,"Thursday","September",1998,3,38.00,9,"Q3",
978,1998/9/4 00:00:00,"Friday","September",1998,4,38.00,9,"Q3",
979,1998/9/5 00:00:00,"Saturday","September",1998,5,38.00,9,"Q3",
980,1998/9/6 00:00:00,"Sunday","September",1998,6,39.00,9,"Q3",
981,1998/9/7 00:00:00,"Monday","September",1998,7,39.00,9,"Q3",
982,1998/9/8 00:00:00,"Tuesday","September",1998,8,39.00,9,"Q3",
983,1998/9/9 00:00:00,"Wednesday","September",1998,9,39.00,9,"Q3",
984,1998/9/10 00:00:00,"Thursday","September",1998,10,39.00,9,"Q3",
985,1998/9/11 00:00:00,"Friday","September",1998,11,39.00,9,"Q3",
986,1998/9/12 00:00:00,"Saturday","September",1998,12,39.00,9,"Q3",
987,1998/9/13 00:00:00,"Sunday","September",1998,13,40.00,9,"Q3",
988,1998/9/14 00:00:00,"Monday","September",1998,14,40.00,9,"Q3",
989,1998/9/15 00:00:00,"Tuesday","September",1998,15,40.00,9,"Q3",
990,1998/9/16 00:00:00,"Wednesday","September",1998,16,40.00,9,"Q3",
991,1998/9/17 00:00:00,"Thursday","September",1998,17,40.00,9,"Q3",
992,1998/9/18 00:00:00,"Friday","September",1998,18,40.00,9,"Q3",
993,1998/9/19 00:00:00,"Saturday","September",1998,19,40.00,9,"Q3",
994,1998/9/20 00:00:00,"Sunday","September",1998,20,41.00,9,"Q3",
995,1998/9/21 00:00:00,"Monday","September",1998,21,41.00,9,"Q3",
996,1998/9/22 00:00:00,"Tuesday","September",1998,22,41.00,9,"Q3",
997,1998/9/23 00:00:00,"Wednesday","September",1998,23,41.00,9,"Q3",
998,1998/9/24 00:00:00,"Thursday","September",1998,24,41.00,9,"Q3",
999,1998/9/25 00:00:00,"Friday","September",1998,25,41.00,9,"Q3",
1000,1998/9/26 00:00:00,"Saturday","September",1998,26,41.00,9,"Q3",
1001,1998/9/27 00:00:00,"Sunday","September",1998,27,42.00,9,"Q3",
1002,1998/9/28 00:00:00,"Monday","September",1998,28,42.00,9,"Q3",
1003,1998/9/29 00:00:00,"Tuesday","September",1998,29,42.00,9,"Q3",
1004,1998/9/30 00:00:00,"Wednesday","September",1998,30,42.00,9,"Q3",
1005,1998/10/1 00:00:00,"Thursday","October",1998,1,42.00,10,"Q4",
1006,1998/10/2 00:00:00,"Friday","October",1998,2,42.00,10,"Q4",
1007,1998/10/3 00:00:00,"Saturday","October",1998,3,42.00,10,"Q4",
1008,1998/10/4 00:00:00,"Sunday","October",1998,4,43.00,10,"Q4",
1009,1998/10/5 00:00:00,"Monday","October",1998,5,43.00,10,"Q4",
1010,1998/10/6 00:00:00,"Tuesday","October",1998,6,43.00,10,"Q4",
1011,1998/10/7 00:00:00,"Wednesday","October",1998,7,43.00,10,"Q4",
1012,1998/10/8 00:00:00,"Thursday","October",1998,8,43.00,10,"Q4",
1013,1998/10/9 00:00:00,"Friday","October",1998,9,43.00,10,"Q4",
1014,1998/10/10 00:00:00,"Saturday","October",1998,10,43.00,10,"Q4",
1015,1998/10/11 00:00:00,"Sunday","October",1998,11,44.00,10,"Q4",
1016,1998/10/12 00:00:00,"Monday","October",1998,12,44.00,10,"Q4",
1017,1998/10/13 00:00:00,"Tuesday","October",1998,13,44.00,10,"Q4",
1018,1998/10/14 00:00:00,"Wednesday","October",1998,14,44.00,10,"Q4",
1019,1998/10/15 00:00:00,"Thursday","October",1998,15,44.00,10,"Q4",
1020,1998/10/16 00:00:00,"Friday","October",1998,16,44.00,10,"Q4",
1021,1998/10/17 00:00:00,"Saturday","October",1998,17,44.00,10,"Q4",
1022,1998/10/18 00:00:00,"Sunday","October",1998,18,45.00,10,"Q4",
1023,1998/10/19 00:00:00,"Monday","October",1998,19,45.00,10,"Q4",
1024,1998/10/20 00:00:00,"Tuesday","October",1998,20,45.00,10,"Q4",
1025,1998/10/21 00:00:00,"Wednesday","October",1998,21,45.00,10,"Q4",
1026,1998/10/22 00:00:00,"Thursday","October",1998,22,45.00,10,"Q4",
1027,1998/10/23 00:00:00,"Friday","October",1998,23,45.00,10,"Q4",
1028,1998/10/24 00:00:00,"Saturday","October",1998,24,45.00,10,"Q4",
1029,1998/10/25 00:00:00,"Sunday","October",1998,25,46.00,10,"Q4",
1030,1998/10/26 00:00:00,"Monday","October",1998,26,46.00,10,"Q4",
1031,1998/10/27 00:00:00,"Tuesday","October",1998,27,46.00,10,"Q4",
1032,1998/10/28 00:00:00,"Wednesday","October",1998,28,46.00,10,"Q4",
1033,1998/10/29 00:00:00,"Thursday","October",1998,29,46.00,10,"Q4",
1034,1998/10/30 00:00:00,"Friday","October",1998,30,46.00,10,"Q4",
1035,1998/10/31 00:00:00,"Saturday","October",1998,31,46.00,10,"Q4",
1036,1998/11/1 00:00:00,"Sunday","November",1998,1,47.00,11,"Q4",
1037,1998/11/2 00:00:00,"Monday","November",1998,2,47.00,11,"Q4",
1038,1998/11/3 00:00:00,"Tuesday","November",1998,3,47.00,11,"Q4",
1039,1998/11/4 00:00:00,"Wednesday","November",1998,4,47.00,11,"Q4",
1040,1998/11/5 00:00:00,"Thursday","November",1998,5,47.00,11,"Q4",
1041,1998/11/6 00:00:00,"Friday","November",1998,6,47.00,11,"Q4",
1042,1998/11/7 00:00:00,"Saturday","November",1998,7,47.00,11,"Q4",
1043,1998/11/8 00:00:00,"Sunday","November",1998,8,48.00,11,"Q4",
1044,1998/11/9 00:00:00,"Monday","November",1998,9,48.00,11,"Q4",
1045,1998/11/10 00:00:00,"Tuesday","November",1998,10,48.00,11,"Q4",
1046,1998/11/11 00:00:00,"Wednesday","November",1998,11,48.00,11,"Q4",
1047,1998/11/12 00:00:00,"Thursday","November",1998,12,48.00,11,"Q4",
1048,1998/11/13 00:00:00,"Friday","November",1998,13,48.00,11,"Q4",
1049,1998/11/14 00:00:00,"Saturday","November",1998,14,48.00,11,"Q4",
1050,1998/11/15 00:00:00,"Sunday","November",1998,15,49.00,11,"Q4",
1051,1998/11/16 00:00:00,"Monday","November",1998,16,49.00,11,"Q4",
1052,1998/11/17 00:00:00,"Tuesday","November",1998,17,49.00,11,"Q4",
1053,1998/11/18 00:00:00,"Wednesday","November",1998,18,49.00,11,"Q4",
1054,1998/11/19 00:00:00,"Thursday","November",1998,19,49.00,11,"Q4",
1055,1998/11/20 00:00:00,"Friday","November",1998,20,49.00,11,"Q4",
1056,1998/11/21 00:00:00,"Saturday","November",1998,21,49.00,11,"Q4",
1057,1998/11/22 00:00:00,"Sunday","November",1998,22,50.00,11,"Q4",
1058,1998/11/23 00:00:00,"Monday","November",1998,23,50.00,11,"Q4",
1059,1998/11/24 00:00:00,"Tuesday","November",1998,24,50.00,11,"Q4",
1060,1998/11/25 00:00:00,"Wednesday","November",1998,25,50.00,11,"Q4",
1061,1998/11/26 00:00:00,"Thursday","November",1998,26,50.00,11,"Q4",
1062,1998/11/27 00:00:00,"Friday","November",1998,27,50.00,11,"Q4",
1063,1998/11/28 00:00:00,"Saturday","November",1998,28,50.00,11,"Q4",
1064,1998/11/29 00:00:00,"Sunday","November",1998,29,51.00,11,"Q4",
1065,1998/11/30 00:00:00,"Monday","November",1998,30,51.00,11,"Q4",
1066,1998/12/1 00:00:00,"Tuesday","December",1998,1,51.00,12,"Q4",
1067,1998/12/2 00:00:00,"Wednesday","December",1998,2,51.00,12,"Q4",
1068,1998/12/3 00:00:00,"Thursday","December",1998,3,51.00,12,"Q4",
1069,1998/12/4 00:00:00,"Friday","December",1998,4,51.00,12,"Q4",
1070,1998/12/5 00:00:00,"Saturday","December",1998,5,51.00,12,"Q4",
1071,1998/12/6 00:00:00,"Sunday","December",1998,6,52.00,12,"Q4",
1072,1998/12/7 00:00:00,"Monday","December",1998,7,1.00,12,"Q4",
1073,1998/12/8 00:00:00,"Tuesday","December",1998,8,1.00,12,"Q4",
1074,1998/12/9 00:00:00,"Wednesday","December",1998,9,1.00,12,"Q4",
1075,1998/12/10 00:00:00,"Thursday","December",1998,10,1.00,12,"Q4",
1076,1998/12/11 00:00:00,"Friday","December",1998,11,1.00,12,"Q4",
1077,1998/12/12 00:00:00,"Saturday","December",1998,12,1.00,12,"Q4",
1078,1998/12/13 00:00:00,"Sunday","December",1998,13,2.00,12,"Q4",
1079,1998/12/14 00:00:00,"Monday","December",1998,14,2.00,12,"Q4",
1080,1998/12/15 00:00:00,"Tuesday","December",1998,15,2.00,12,"Q4",
1081,1998/12/16 00:00:00,"Wednesday","December",1998,16,2.00,12,"Q4",
1082,1998/12/17 00:00:00,"Thursday","December",1998,17,2.00,12,"Q4",
1083,1998/12/18 00:00:00,"Friday","December",1998,18,2.00,12,"Q4",
1084,1998/12/19 00:00:00,"Saturday","December",1998,19,2.00,12,"Q4",
1085,1998/12/20 00:00:00,"Sunday","December",1998,20,3.00,12,"Q4",
1086,1998/12/21 00:00:00,"Monday","December",1998,21,3.00,12,"Q4",
1087,1998/12/22 00:00:00,"Tuesday","December",1998,22,3.00,12,"Q4",
1088,1998/12/23 00:00:00,"Wednesday","December",1998,23,3.00,12,"Q4",
1089,1998/12/24 00:00:00,"Thursday","December",1998,24,3.00,12,"Q4",
1090,1998/12/25 00:00:00,"Friday","December",1998,25,3.00,12,"Q4",
1091,1998/12/26 00:00:00,"Saturday","December",1998,26,3.00,12,"Q4",
1092,1998/12/27 00:00:00,"Sunday","December",1998,27,4.00,12,"Q4",
1093,1998/12/28 00:00:00,"Monday","December",1998,28,4.00,12,"Q4",
1094,1998/12/29 00:00:00,"Tuesday","December",1998,29,4.00,12,"Q4",
1095,1998/12/30 00:00:00,"Wednesday","December",1998,30,4.00,12,"Q4",
1096,1998/12/31 00:00:00,"Thursday","December",1998,31,4.00,12,"Q4",
